<application>
  <component name="com.intellij.ide.ui.customization.CustomActionsSchema">
    <group value="Vcs.Push" is_action="true" action_type="1" position="1">
      <path value="root" />
      <path value="Main Toolbar" />
      <path value="Left" />
      <path value="VCS Group" />
    </group>
    <group value="Git.Pull" is_action="true" action_type="1" position="2">
      <path value="root" />
      <path value="Main Toolbar" />
      <path value="Left" />
      <path value="VCS Group" />
    </group>
    <action id="Git.Pull" icon="jar:file:/C:/Program%20Files/JetBrains/WebStorm%202023.3.2/lib/app-client.jar!/expui/toolbar/unknown.svg" />
  </component>
</application>