<application>
  <component name="ProjectManager">
    <defaultProject>
      <component name="PropertiesComponent"><![CDATA[{}]]></component>
      <component name="WindowStateProjectService">
        <state x="2660" y="251" key="FileChooserDialogImpl" timestamp="1702396152560">
          <screen x="1920" y="0" width="1920" height="1032" />
        </state>
        <state x="2660" y="251" key="FileChooserDialogImpl/0.0.1920.1032/1920.0.1920.1032/3840.0.1920.1032" timestamp="1702396152560" />
      </component>
    </defaultProject>
  </component>
</application>