<application>
  <component name="Trusted.Paths">
    <option name="TRUSTED_PROJECT_PATHS">
      <map>
        <entry key="C:\Users\jsebire\Desktop\app_mobile_mint_energie" value="true" />
        <entry key="C:\Users\jsebire\Desktop\mint-react-poc" value="true" />
        <entry key="C:\Users\jsebire\Desktop\mint-supervision" value="true" />
        <entry key="C:\Users\jsebire\WebstormProjects\mint-supervision" value="true" />
      </map>
    </option>
  </component>
  <component name="Trusted.Paths.Settings">
    <option name="TRUSTED_PATHS">
      <list>
        <option value="C:\Users\jsebire\Desktop" />
      </list>
    </option>
  </component>
</application>