<application>
  <component name="DimensionService">
    <location key="find.popup.0.0.1920.1080" x="603" y="68" />
    <location key="find.popup.3840.0.1920.1080" x="4443" y="68" />
    <location key="find.popup.1920.0.1920.1080" x="2868" y="276" />
    <size key="find.popup.0.0.1920.1080" width="883" height="660" />
    <size key="GridCell.Tab.0.left.0.0.1920.1080" width="1838" height="272" />
    <size key="GridCell.Tab.0.center.0.0.1920.1080" width="1838" height="272" />
    <size key="GridCell.Tab.0.right.0.0.1920.1080" width="1838" height="272" />
    <size key="GridCell.Tab.0.bottom.0.0.1920.1080" width="1838" height="272" />
    <size key="GridCell.Tab.0.left.1920.0.1920.1080" width="1838" height="382" />
    <size key="GridCell.Tab.0.center.1920.0.1920.1080" width="1838" height="382" />
    <size key="GridCell.Tab.0.right.1920.0.1920.1080" width="1838" height="382" />
    <size key="GridCell.Tab.0.bottom.1920.0.1920.1080" width="1838" height="382" />
    <size key="GridCell.Tab.0.left.3840.0.1920.1080" width="1838" height="338" />
    <size key="GridCell.Tab.0.center.3840.0.1920.1080" width="1838" height="338" />
    <size key="GridCell.Tab.0.right.3840.0.1920.1080" width="1838" height="338" />
    <size key="GridCell.Tab.0.bottom.3840.0.1920.1080" width="1838" height="338" />
    <size key="find.popup.3840.0.1920.1080" width="883" height="660" />
    <size key="find.popup.1920.0.1920.1080" width="649" height="576" />
    <size key="GridCell.Tab.1.left.3840.0.1920.1080" width="1838" height="283" />
    <size key="GridCell.Tab.1.center.3840.0.1920.1080" width="1838" height="283" />
    <size key="GridCell.Tab.1.right.3840.0.1920.1080" width="1838" height="283" />
    <size key="GridCell.Tab.1.bottom.3840.0.1920.1080" width="1838" height="283" />
    <size key="GridCell.Tab.2.left.3840.0.1920.1080" width="1838" height="283" />
    <size key="GridCell.Tab.2.center.3840.0.1920.1080" width="1838" height="283" />
    <size key="GridCell.Tab.2.right.3840.0.1920.1080" width="1838" height="283" />
    <size key="GridCell.Tab.2.bottom.3840.0.1920.1080" width="1838" height="283" />
    <size key="GridCell.Tab.3.left.3840.0.1920.1080" width="1838" height="283" />
    <size key="GridCell.Tab.3.center.3840.0.1920.1080" width="1838" height="283" />
    <size key="GridCell.Tab.3.right.3840.0.1920.1080" width="1838" height="283" />
    <size key="GridCell.Tab.3.bottom.3840.0.1920.1080" width="1838" height="283" />
    <size key="GridCell.Tab.1.left.1920.0.1920.1080" width="1838" height="379" />
    <size key="GridCell.Tab.1.center.1920.0.1920.1080" width="1838" height="379" />
    <size key="GridCell.Tab.1.right.1920.0.1920.1080" width="1838" height="379" />
    <size key="GridCell.Tab.1.bottom.1920.0.1920.1080" width="1838" height="379" />
    <size key="GridCell.Tab.2.left.1920.0.1920.1080" width="1838" height="379" />
    <size key="GridCell.Tab.2.center.1920.0.1920.1080" width="1838" height="379" />
    <size key="GridCell.Tab.2.right.1920.0.1920.1080" width="1838" height="379" />
    <size key="GridCell.Tab.2.bottom.1920.0.1920.1080" width="1838" height="379" />
    <size key="GridCell.Tab.3.left.1920.0.1920.1080" width="1838" height="379" />
    <size key="GridCell.Tab.3.center.1920.0.1920.1080" width="1838" height="379" />
    <size key="GridCell.Tab.3.right.1920.0.1920.1080" width="1838" height="379" />
    <size key="GridCell.Tab.3.bottom.1920.0.1920.1080" width="1838" height="379" />
    <size key="GridCell.Tab.1.left.0.0.1920.1080" width="1838" height="379" />
    <size key="GridCell.Tab.1.center.0.0.1920.1080" width="1838" height="379" />
    <size key="GridCell.Tab.1.right.0.0.1920.1080" width="1838" height="379" />
    <size key="GridCell.Tab.1.bottom.0.0.1920.1080" width="1838" height="379" />
    <size key="GridCell.Tab.2.left.0.0.1920.1080" width="1838" height="379" />
    <size key="GridCell.Tab.2.center.0.0.1920.1080" width="1838" height="379" />
    <size key="GridCell.Tab.2.right.0.0.1920.1080" width="1838" height="379" />
    <size key="GridCell.Tab.2.bottom.0.0.1920.1080" width="1838" height="379" />
    <size key="GridCell.Tab.3.left.0.0.1920.1080" width="1838" height="379" />
    <size key="GridCell.Tab.3.center.0.0.1920.1080" width="1838" height="379" />
    <size key="GridCell.Tab.3.right.0.0.1920.1080" width="1838" height="379" />
    <size key="GridCell.Tab.3.bottom.0.0.1920.1080" width="1838" height="379" />
  </component>
  <component name="WindowManager">
    <frame x="527" y="14" width="1400" height="992" extendedState="6" />
  </component>
  <component name="WindowStateApplicationService">
    <state width="759" height="207" key="ShowUsagesActions.dimensionServiceKey" timestamp="1724061940098">
      <screen x="0" y="0" width="1920" height="1032" />
    </state>
    <state width="434" height="135" key="ShowUsagesActions.dimensionServiceKey/0.0.1920.1032" timestamp="1719136066018" />
    <state width="588" height="135" key="ShowUsagesActions.dimensionServiceKey/0.0.1920.1032/1920.0.1920.1032" timestamp="1715068705659" />
    <state width="759" height="207" key="ShowUsagesActions.dimensionServiceKey/0.0.1920.1032/1920.0.1920.1032/3840.0.1920.1032" timestamp="1724061940098" />
    <state width="635" height="163" key="ShowUsagesActions.dimensionServiceKey/1920.0.1920.1032/3840.0.1920.1032/0.0.1920.1032" timestamp="1718034248290" />
  </component>
</application>